id,date,title,is_published,created_at
453,2026-02-01,"",t,2026-02-17 11:52:16.010261+00
454,2026-02-03,"",t,2026-02-17 11:52:16.010261+00
455,2026-02-04,"",t,2026-02-17 11:52:16.010261+00
456,2026-02-05,"",t,2026-02-17 11:52:16.010261+00
457,2026-02-08,"",t,2026-02-17 11:52:16.010261+00
458,2026-02-09,"",t,2026-02-17 11:52:16.010261+00
459,2026-02-18,"",t,2026-02-17 11:52:16.010261+00
460,2026-02-24,"",t,2026-02-17 11:52:16.010261+00
461,2026-02-25,"",t,2026-02-17 11:52:16.010261+00
462,2026-03-02,"",t,2026-02-17 11:52:16.010261+00
463,2026-03-08,"",t,2026-02-17 11:52:16.010261+00
464,2026-03-11,"",t,2026-02-17 11:52:16.010261+00
465,2026-03-13,"",t,2026-02-17 11:52:16.010261+00
466,2026-03-18,"",t,2026-02-17 11:52:16.010261+00
467,2026-03-21,"",t,2026-02-17 11:52:16.010261+00
468,2026-03-22,"",t,2026-02-17 11:52:16.010261+00
469,2026-03-23,"",t,2026-02-17 11:52:16.010261+00
470,2026-03-24,"",t,2026-02-17 11:52:16.010261+00
471,2026-03-25,"",t,2026-02-17 11:52:16.010261+00
472,2026-03-27,"",t,2026-02-17 11:52:16.010261+00
473,2026-03-30,"",t,2026-02-17 11:52:16.010261+00
474,2026-04-07,"",t,2026-02-17 11:52:16.010261+00
475,2026-04-10,"",t,2026-02-17 11:52:16.010261+00
476,2026-04-12,"",t,2026-02-17 11:52:16.010261+00
477,2026-04-13,"",t,2026-02-17 11:52:16.010261+00
478,2026-04-15,"",t,2026-02-17 11:52:16.010261+00
479,2026-04-17,"",t,2026-02-17 11:52:16.010261+00
480,2026-04-18,"",t,2026-02-17 11:52:16.010261+00
481,2026-04-19,"",t,2026-02-17 11:52:16.010261+00
482,2026-04-21,"",t,2026-02-17 11:52:16.010261+00
483,2026-04-23,"",t,2026-02-17 11:52:16.010261+00
484,2026-04-24,"",t,2026-02-17 11:52:16.010261+00
485,2026-04-25,"",t,2026-02-17 11:52:16.010261+00
486,2026-04-26,"",t,2026-02-17 11:52:16.010261+00
487,2026-04-30,"",t,2026-02-17 11:52:16.010261+00
488,2026-05-03,"",t,2026-02-17 11:52:16.010261+00
489,2026-05-06,"",t,2026-02-17 11:52:16.010261+00
490,2026-05-17,"",t,2026-02-17 11:52:16.010261+00
491,2026-05-20,"",t,2026-02-17 11:52:16.010261+00
492,2026-05-26,"",t,2026-02-17 11:52:16.010261+00
493,2026-05-28,"",t,2026-02-17 11:52:16.010261+00
494,2026-05-29,"",t,2026-02-17 11:52:16.010261+00
495,2026-05-31,"",t,2026-02-17 11:52:16.010261+00
496,2026-06-01,"",t,2026-02-17 11:52:16.010261+00
497,2026-06-02,"",t,2026-02-17 11:52:16.010261+00
498,2026-06-05,"",t,2026-02-17 11:52:16.010261+00
499,2026-06-06,"",t,2026-02-17 11:52:16.010261+00
500,2026-06-09,"",t,2026-02-17 11:52:16.010261+00
501,2026-06-11,"",t,2026-02-17 11:52:16.010261+00
502,2026-06-14,"",t,2026-02-17 11:52:16.010261+00
503,2026-06-15,"",t,2026-02-17 11:52:16.010261+00
504,2026-06-18,"",t,2026-02-17 11:52:16.010261+00
505,2026-06-21,"",t,2026-02-17 11:52:16.010261+00
506,2026-06-25,"",t,2026-02-17 11:52:16.010261+00
507,2026-06-27,"",t,2026-02-17 11:52:16.010261+00
508,2026-06-29,"",t,2026-02-17 11:52:16.010261+00
509,2026-06-30,"",t,2026-02-17 11:52:16.010261+00
510,2026-07-05,"",t,2026-02-17 11:52:16.010261+00
511,2026-07-07,"",t,2026-02-17 11:52:16.010261+00
512,2026-07-10,"",t,2026-02-17 11:52:16.010261+00
513,2026-07-11,"",t,2026-02-17 11:52:16.010261+00
514,2026-07-13,"",t,2026-02-17 11:52:16.010261+00
515,2026-07-14,"",t,2026-02-17 11:52:16.010261+00
516,2026-07-17,"",t,2026-02-17 11:52:16.010261+00
517,2026-07-18,"",t,2026-02-17 11:52:16.010261+00
518,2026-07-22,"",t,2026-02-17 11:52:16.010261+00
519,2026-07-23,"",t,2026-02-17 11:52:16.010261+00
520,2026-07-28,"",t,2026-02-17 11:52:16.010261+00
521,2026-07-30,"",t,2026-02-17 11:52:16.010261+00
522,2026-08-03,"",t,2026-02-17 11:52:16.010261+00
523,2026-08-05,"",t,2026-02-17 11:52:16.010261+00
524,2026-08-07,"",t,2026-02-17 11:52:16.010261+00
525,2026-08-08,"",t,2026-02-17 11:52:16.010261+00
526,2026-08-09,"",t,2026-02-17 11:52:16.010261+00
527,2026-08-11,"",t,2026-02-17 11:52:16.010261+00
528,2026-08-13,"",t,2026-02-17 11:52:16.010261+00
529,2026-08-18,"",t,2026-02-17 11:52:16.010261+00
530,2026-08-25,"",t,2026-02-17 11:52:16.010261+00
531,2026-08-26,"",t,2026-02-17 11:52:16.010261+00
532,2026-08-30,"",t,2026-02-17 11:52:16.010261+00
533,2026-09-04,"",t,2026-02-17 11:52:16.010261+00
534,2026-09-06,"",t,2026-02-17 11:52:16.010261+00
535,2026-09-10,"",t,2026-02-17 11:52:16.010261+00
536,2026-09-19,"",t,2026-02-17 11:52:16.010261+00
537,2026-09-20,"",t,2026-02-17 11:52:16.010261+00
538,2026-09-23,"",t,2026-02-17 11:52:16.010261+00
539,2026-09-24,"",t,2026-02-17 11:52:16.010261+00
540,2026-09-25,"",t,2026-02-17 11:52:16.010261+00
541,2026-09-26,"",t,2026-02-17 11:52:16.010261+00
542,2026-09-30,"",t,2026-02-17 11:52:16.010261+00
